country,new_cases,new_deaths,hospitalized
india,1037004,20659,2462.8490838958533
canada,1010689,20326,2479.450098814229
germany,990521,19997,2508.932896064581
usa,982206,19671,2542.9709923664122
brazil,976853,19357,2520.1002557544757
