age_bracket,avg_loan_amount,approval_rate
"[20, 30)",41259.467898832685,0.4965953307392996
"[30, 40)",41497.464333781965,0.5038133692238672
"[40, 50)",41780.42053264605,0.4849656357388316
"[50, 60)",40957.685035842296,0.49193548387096775
"[60, 70)",41600.53852813853,0.48138528138528136
