loan_purpose,total_loan,avg_income
business,69926887,87644.32857991681
car,70170581,86448.03106332138
education,69328270,88096.91083183722
home,67801523,86561.02119700747
medical,67047307,87480.75
vacation,69783740,88082.22417840376
