category,sales,sales,discount
,count,sum,mean
office supplies,3640,3699272.81,0.2164010989010989
technology,3630,3623043.13,0.22286501377410467
furniture,2730,2735358.77,0.22095238095238096
