condition,temperature_c,humidity,count_days
storm,15.087684729064039,65.23596059113301,2030
sunny,14.810152284263959,64.50355329949238,1970
snow,14.737024221453288,63.581809194265944,2023
rain,14.188318227593152,64.09365558912387,1986
cloudy,13.83375188347564,64.27574083375188,1991
